Year,Explicit Percentage
2019,31.514084507042256
2020,42.75184275184275
2021,36.94267515923567
2022,34.77272727272727
