Year,Explicit Percentage
2017,14.035087719298245
2018,20.614035087719298
2019,19.791666666666664
2020,25.04288164665523
2021,25.37878787878788
2022,20.229885057471265
