Year,Explicit Percentage
2017,32.801161103047896
2018,42.32258064516129
2019,44.144602851323825
2020,40.582433067167685
2021,42.25865209471767
2022,39.34959349593496
