Year,Explicit Percentage
2017,29.825737265415547
2018,36.86520376175549
2019,35.62978427279054
2020,38.52459016393443
2021,36.091298145506414
2022,33.76623376623377
