Year,Explicit Percentage
2017,32.29908443540183
2018,44.13382218148488
2019,46.540880503144656
2020,50.0
2021,42.825968357883255
2022,37.61996161228407
