Year,Explicit Percentage
2017,34.02061855670103
2018,54.15282392026578
2019,38.58974358974359
2020,46.349745331069606
2021,47.547797173732334
2022,41.22562674094708
