Year,Explicit Percentage
2017,14.365671641791044
2018,17.895878524945772
2019,12.776176753121998
2020,24.50879007238883
2021,26.08695652173913
2022,24.38423645320197
