Year,Explicit Percentage
2017,19.83546617915905
2018,16.722972972972975
2019,14.703196347031962
2020,17.60450160771704
2021,21.05643994211288
2022,18.143459915611814
