Year,Explicit Percentage
2017,44.83906770255272
2018,55.55019305019305
2019,49.75069252077562
2020,50.82284607938045
2021,44.05351833498513
2022,47.927927927927925
