Year,Explicit Percentage
2017,41.382621219395105
2018,52.29508196721312
2019,52.90004113533525
2020,48.562185478073324
2021,47.18679669917479
2022,40.69444444444444
