Year,Explicit Percentage
2017,12.274368231046932
2018,19.565217391304348
2019,18.571428571428573
2020,26.69491525423729
2021,32.78301886792453
2022,32.870370370370374
