Year,Explicit Percentage
2017,14.581458145814583
2018,17.751004016064257
2019,13.761467889908257
2020,21.428571428571427
2021,25.65573770491803
2022,24.008810572687224
