Year,Explicit Percentage
2017,19.063545150501675
2018,26.497128794093523
2019,20.462962962962962
2020,28.82298424467099
2021,32.73350471293916
2022,29.128440366972473
