Year,Explicit Percentage
2017,26.116504854368934
2018,30.075901328273247
2019,39.93154592127781
2020,45.50979068197164
2021,46.539682539682545
2022,48.04347826086956
