Year,Explicit Percentage
2017,41.73782019085886
2018,48.42625899280576
2019,46.76360225140713
2020,42.70058708414873
2021,42.792792792792795
2022,39.15737298636927
