Year,Explicit Percentage
2017,24.493444576877234
2018,31.914893617021278
2019,33.80202474690664
2020,41.31054131054131
2021,39.823008849557525
2022,36.02693602693603
