Year,Explicit Percentage
2017,25.388026607538805
2018,33.64688856729378
2019,22.928399034593724
2020,36.23819898329702
2021,43.72623574144487
2022,39.51434878587197
