Year,Explicit Percentage
2017,14.23982869379015
2018,17.6303317535545
2019,14.285714285714285
2020,25.100806451612907
2021,29.296875
2022,28.30188679245283
