Year,Explicit Percentage
2017,26.33587786259542
2018,37.76536312849162
2019,28.24742268041237
2020,36.07427055702917
2021,35.307872174590806
2022,36.36363636363637
