Year,Explicit Percentage
2019,26.442307692307693
2020,31.390134529147986
2021,27.427427427427425
2022,15.979381443298967
