Year,Explicit Percentage
2017,13.636363636363635
2018,18.682634730538922
2019,18.0630284396618
2020,26.359832635983267
2021,32.56649892163911
2022,31.27853881278539
