Year,Explicit Percentage
2017,15.481593545133638
2018,22.090988626421698
2019,18.14977973568282
2020,22.432989690721648
2021,19.70074812967581
2022,17.62917933130699
