Year,Explicit Percentage
2017,49.05869324473976
2018,60.43256997455471
2019,65.446941975954
2020,67.3469387755102
2021,66.99360341151386
2022,59.82608695652174
