Year,Explicit Percentage
2017,25.9212730318258
2018,35.29173419773095
2019,41.28660585693711
2020,46.93786320965579
2021,41.67507568113017
2022,44.465648854961835
