Year,Explicit Percentage
2017,37.924407431133886
2018,46.863659927423534
2019,44.28733031674208
2020,44.017946161515454
2021,38.20470717022441
2022,35.44303797468354
