Year,Explicit Percentage
2017,34.970059880239525
2018,44.22952933591232
2019,49.031007751937985
2020,61.247637051039696
2021,66.90837178642056
2022,70.51282051282051
