Year,Explicit Percentage
2017,15.614236509758896
2018,21.03533278553821
2019,15.235173824130879
2020,24.647887323943664
2021,26.488706365503077
2022,28.888888888888886
