Year,Explicit Percentage
2017,14.972144846796656
2018,17.626112759643917
2019,16.305220883534137
2020,24.156692056583243
2021,12.343864805290227
2022,8.747044917257684
