Year,Explicit Percentage
2017,22.58064516129032
2018,29.331514324693043
2019,19.432314410480352
2020,30.856643356643353
2021,34.701492537313435
2022,33.175355450236964
