Year,Explicit Percentage
2017,24.592833876221498
2018,27.74617067833698
2019,30.92224231464738
2020,35.977514053716426
2021,34.08469945355191
2022,38.47874720357942
