Year,Explicit Percentage
2017,16.46489104116223
2018,17.532467532467532
2019,13.823857302118173
2020,11.909871244635193
2021,9.978768577494693
2022,8.761329305135952
