Year,Explicit Percentage
2017,21.715575620767495
2018,30.980751604032996
2019,31.431897555296857
2020,36.71388101983003
2021,33.584686774942
2022,35.35564853556485
