Year,Explicit Percentage
2018,32.16424294268606
2019,25.08278145695364
2020,25.88757396449704
2021,23.355817875210793
2022,15.425531914893616
