Year,Explicit Percentage
2019,12.132352941176471
2020,15.318744053282588
2021,15.173116089613034
2022,13.333333333333334
