Year,Explicit Percentage
2017,32.4269889224572
2018,43.90243902439025
2019,29.974326059050068
2020,37.14887640449438
2021,32.683307332293296
2022,34.959349593495936
