Year,Explicit Percentage
2017,23.515579071134628
2018,32.94183445190156
2019,37.523809523809526
2020,47.715442452284556
2021,44.486081370449675
2022,48.33040421792619
