Year,Explicit Percentage
2017,13.290771909460245
2018,12.4031007751938
2019,7.120743034055728
2020,5.698529411764706
2021,5.9067357512953365
2022,2.9154518950437316
