Year,Explicit Percentage
2021,17.357222844344903
2022,12.127659574468085
