Year,Explicit Percentage
2017,26.67706708268331
2018,36.08949416342412
2019,28.477443609022558
2020,34.453125
2021,34.57330415754923
2022,34.62414578587699
