Year,Explicit Percentage
2017,21.875
2018,24.691358024691358
2019,24.67248908296943
2020,38.33017077798861
2021,44.44444444444444
2022,46.26865671641791
