Year,Explicit Percentage
2017,28.16020025031289
2018,37.57421543681086
2019,31.19800332778702
2020,38.85135135135135
2021,38.90506697728596
2022,46.8421052631579
