Year,Explicit Percentage
2019,47.08994708994709
2020,52.9806259314456
2021,54.493670886075954
2022,38.793103448275865
