Year,Explicit Percentage
2017,12.607449856733524
2018,16.78141135972461
2019,15.723270440251572
2020,23.025689819219792
2021,24.547283702213278
2022,28.606356968215156
