Year,Explicit Percentage
2017,17.001434720229554
2018,22.29381443298969
2019,19.148936170212767
2020,18.086696562032888
2021,17.04297159504734
2022,15.979381443298967
