Year,Explicit Percentage
2017,13.333333333333334
2018,30.097087378640776
2019,17.85283474065139
2020,27.259475218658892
2021,30.778032036613272
2022,31.026252983293556
