Year,Explicit Percentage
2017,38.959764474975465
2018,46.0908718788375
2019,43.08190652475706
2020,43.560119811724434
2021,37.06896551724138
2022,33.90705679862307
