Year,Explicit Percentage
2017,21.13127001067236
2018,29.08841044434265
2019,27.789256198347108
2020,30.067243035542745
2021,26.72831351827389
2022,25.513196480938415
