Year,Explicit Percentage
2017,32.98969072164948
2018,41.034251175285426
2019,35.740878629932986
2020,38.793103448275865
2021,33.51393188854489
2022,33.957845433255265
