Year,Explicit Percentage
2017,22.28187919463087
2018,29.626411815812336
2019,21.863799283154123
2020,34.00160384923817
2021,39.58990536277602
2022,38.657407407407405
