Year,Explicit Percentage
2017,11.963882618510159
2018,16.169393647738207
2019,12.834224598930483
2020,22.264150943396228
2021,27.64227642276423
2022,30.02680965147453
