Year,Explicit Percentage
2017,16.74595623215985
2018,18.92123287671233
2019,15.684093437152391
2020,15.148861646234677
2021,14.68777484608619
2022,15.193370165745856
