Year,Explicit Percentage
2017,21.73469387755102
2018,25.79143389199255
2019,27.748691099476442
2020,33.126934984520126
2021,47.98978940650925
2022,58.82352941176471
