Year,Explicit Percentage
2017,24.18379685610641
2018,32.96639629200463
2019,28.002793296089383
2020,32.70142180094787
2021,30.422535211267604
2022,33.65384615384615
