Year,Explicit Percentage
2017,19.11764705882353
2018,22.545454545454547
2019,18.91058581706064
2020,27.335984095427435
2021,29.78723404255319
2022,27.2264631043257
