Year,Explicit Percentage
2018,45.90846047156727
2019,45.09681449094316
2020,53.2608695652174
2021,50.433168316831676
2022,53.278688524590166
