Year,Explicit Percentage
2020,44.96699669966996
2021,51.4769975786925
2022,49.77777777777778
