Year,Explicit Percentage
2019,22.04246713852376
2020,32.49619482496195
2021,31.150159744408946
2022,29.009433962264154
