Year,Explicit Percentage
2017,17.599999999999998
2018,24.92412746585736
2019,27.518863737239236
2020,32.6829268292683
2021,31.067161104243922
2022,35.920852359208524
