Year,Explicit Percentage
2017,17.969924812030076
2018,21.851078636047323
2019,16.764953664700926
2020,20.33132530120482
2021,18.4287812041116
2022,18.387909319899247
