Year,Explicit Percentage
2017,29.658792650918635
2018,39.33287004864489
2019,42.857142857142854
2020,52.03472599023331
2021,44.418192557590075
2022,54.87804878048781
