Year,Explicit Percentage
2017,18.0
2018,24.110218140068888
2019,17.12538226299694
2020,26.55367231638418
2021,30.57768924302789
2022,30.985915492957744
