Year,Explicit Percentage
2017,13.026819923371647
2018,14.915074309978769
2019,11.827956989247312
2020,13.359375000000002
2021,11.338582677165354
2022,11.518324607329843
