Year,Explicit Percentage
2017,19.918032786885245
2018,23.68
2019,28.043912175648707
2020,29.5169946332737
2021,28.83928571428571
2022,19.739696312364423
