Year,Explicit Percentage
2017,10.279146141215106
2018,11.919256648510093
2019,12.746113989637307
2020,12.60957518543493
2021,11.039426523297491
2022,12.244897959183673
