Year,Explicit Percentage
2020,42.681858019281336
2021,50.16465422612514
2022,48.13278008298755
