Year,Explicit Percentage
2017,50.28394424367578
2018,59.36944937833037
2019,53.63020329138431
2020,54.31103948428686
2021,49.19928825622776
2022,55.693950177935946
