Year,Explicit Percentage
2018,12.716262975778548
2019,11.521547933157432
2020,11.038430089942764
2021,12.067510548523206
2022,10.84598698481562
