Year,Explicit Percentage
2018,49.70986460348163
2019,41.54351395730706
2020,45.692158760890614
2021,42.478760619690156
2022,37.45519713261648
